epoch,train_loss,train_dice,val_loss,val_dice
1,0.619013,0.318674,0.546709,0.486884
2,0.488734,0.561231,0.462008,0.627355
3,0.419793,0.637419,0.403325,0.636734
4,0.371665,0.675176,0.377328,0.660183
5,0.338069,0.695684,0.328479,0.691337
6,0.314601,0.710362,0.307018,0.712979
